id,value
1,0.943666  
2,6.12163  
3,3.56423  
4,2.87003  
5,2.6024  
6,1.70981  
7,1.7014  
8,1.45998  
9,1.30442  
10,1.01683  
11,0.996452  
12,0.876744
13,0.839697  
14,0.611075  
15,0.590849  
16,0.586395  
17,0.50719  
18,0.505047  
19,0.386706  
20,0.228925  
